id,value
Raja Batak,
Raja Batak.GuruTateaBulan,
Raja Batak.GuruTateaBulan.RajaBiakbiak,
RajaBatak.GuruTateaBulan.RajaBiakbiak.AgglomerativeRajaBiakbiak,3938
RajaBatak.GuruTateaBulan.RajaBiakbiak.CommunityStructure,3812
RajaBatak.GuruTateaBulan.RajaBiakbiak.HierarchicalRajaBiakbiak,6714
RajaBatak.GuruTateaBulan.RajaBiakbiak.MergeEdge,743
RajaBatak.GuruTateaBulan.SaribuRaja,
RajaBatak.GuruTateaBulan.SaribuRaja.BetweennessCentrality,3534
RajaBatak.GuruTateaBulan.SaribuRaja.LinkDistance,5731
RajaBatak.GuruTateaBulan.SaribuRaja.MaxFlowMinCut,7840
RajaBatak.GuruTateaBulan.SaribuRaja.ShortestPaths,5914
RajaBatak.GuruTateaBulan.SaribuRaja.SpanningTree,3416
RajaBatak.GuruTateaBulan.LimbongMulana,
RajaBatak.GuruTateaBulan.LimbongMulana.AspectRatioBanker,7074
RajaBatak.GuruTateaBulan.SagalaRaja
RajaBatak.GuruTateaBulan.SilauRaja
RajaBatak.RajaIsumbaon,
RajaBatak.RajaIsumbaon.Easing,17010
RajaBatak.RajaIsumbaon.FunctionSequence,5842
RajaBatak.RajaIsumbaon.interpolate,
RajaBatak.RajaIsumbaon.interpolate.ArrayInterpolator,1983
RajaBatak.RajaIsumbaon.interpolate.ColorInterpolator,2047
RajaBatak.RajaIsumbaon.interpolate.DateInterpolator,1375
RajaBatak.RajaIsumbaon.interpolate.Interpolator,8746
RajaBatak.RajaIsumbaon.interpolate.MatrixInterpolator,2202
RajaBatak.RajaIsumbaon.interpolate.NumberInterpolator,1382
RajaBatak.RajaIsumbaon.interpolate.ObjectInterpolator,1629
RajaBatak.RajaIsumbaon.interpolate.PointInterpolator,1675
RajaBatak.RajaIsumbaon.interpolate.RectangleInterpolator,2042
RajaBatak.RajaIsumbaon.ISchedulable,1041
RajaBatak.RajaIsumbaon.Parallel,5176
RajaBatak.RajaIsumbaon.Pause,449
RajaBatak.RajaIsumbaon.Scheduler,5593
RajaBatak.RajaIsumbaon.Sequence,5534
RajaBatak.RajaIsumbaon.Transition,9201
RajaBatak.RajaIsumbaon.Transitioner,19975
RajaBatak.RajaIsumbaon.TransitionEvent,1116
RajaBatak.RajaIsumbaon.Tween,6006
